법정동코드,법정동명,상위지역코드 ,서열 ,생성일 ,폐지일 ,최종작업일 ,최하지역명, 법정동코드(주민),법정동코드(지적)
1100000000,서울특별시,0000000000,11,20000101,,,서울특별시,1100000000,1100000000
1111000000,서울특별시 종로구,,01,,,,종로구,1111000000,1111000000
1111010100,서울특별시 종로구 청운동,,01,,,,청운동,1111010100,1111010100
1111010200,서울특별시 종로구 신교동,,02,,,,신교동,1111010200,1111010200
1111010300,서울특별시 종로구 궁정동,,03,,,,궁정동,1111010300,1111010300
1111010400,서울특별시 종로구 효자동,,04,,,,효자동,1111010400,1111010400
1111010500,서울특별시 종로구 창성동,,05,,,,창성동,1111010500,1111010500
1111010600,서울특별시 종로구 통의동,,06,,,,통의동,1111010600,1111010600
1111010700,서울특별시 종로구 적선동,1111000000,07,,,,적선동,1111010700,1111010700
1111010800,서울특별시 종로구 통인동,1111000000,08,20050224,,,통인동,1111010800,1111010800
1111010900,서울특별시 종로구 누상동,,09,,,,누상동,1111010900,1111010900
1111011000,서울특별시 종로구 누하동,,10,,,,누하동,1111011000,1111011000
1111011100,서울특별시 종로구 옥인동,,11,,,,옥인동,1111011100,1111011100
1111011200,서울특별시 종로구 체부동,,12,,,,체부동,1111011200,1111011200
1111011300,서울특별시 종로구 필운동,,13,,,,필운동,1111011300,1111011300
1111011400,서울특별시 종로구 내자동,,14,,,,내자동,1111011400,1111011400
1111011500,서울특별시 종로구 사직동,,15,,,,사직동,1111011500,1111011500
1111011600,서울특별시 종로구 도렴동,,16,,,,도렴동,1111011600,1111011600
1111011700,서울특별시 종로구 당주동,,17,,,,당주동,1111011700,1111011700
1111011800,서울특별시 종로구 내수동,,18,,,,내수동,1111011800,1111011800
1111011900,서울특별시 종로구 세종로,,19,,,,세종로,1111011900,1111011900
1111012000,서울특별시 종로구 신문로1가,,20,,,,신문로1가,1111012000,1111012000
1111012100,서울특별시 종로구 신문로2가,,21,,,,신문로2가,1111012100,1111012100
1111012200,서울특별시 종로구 청진동,,22,,,,청진동,1111012200,1111012200
1111012300,서울특별시 종로구 서린동,,23,,,,서린동,1111012300,1111012300
1111012400,서울특별시 종로구 수송동,,24,,,,수송동,1111012400,1111012400
1111012500,서울특별시 종로구 중학동,,25,,,,중학동,1111012500,1111012500
1111012600,서울특별시 종로구 종로1가,,26,,,,종로1가,1111012600,1111012600
1111012700,서울특별시 종로구 공평동,,27,,,,공평동,1111012700,1111012700
1111012800,서울특별시 종로구 관훈동,,28,,,,관훈동,1111012800,1111012800
1111012900,서울특별시 종로구 견지동,,29,,,,견지동,1111012900,1111012900
1111013000,서울특별시 종로구 와룡동,,30,,,,와룡동,1111013000,1111013000
1111013100,서울특별시 종로구 권농동,,31,,,,권농동,1111013100,1111013100
1111013200,서울특별시 종로구 운니동,,32,,,,운니동,1111013200,1111013200
1111013300,서울특별시 종로구 익선동,,33,,,,익선동,1111013300,1111013300
1111013400,서울특별시 종로구 경운동,,34,,,,경운동,1111013400,1111013400
1111013500,서울특별시 종로구 관철동,,35,,,,관철동,1111013500,1111013500
1111013600,서울특별시 종로구 인사동,,36,,,,인사동,1111013600,1111013600
1111013700,서울특별시 종로구 낙원동,,37,,,,낙원동,1111013700,1111013700
1111013800,서울특별시 종로구 종로2가,,38,,,,종로2가,1111013800,1111013800
1111013900,서울특별시 종로구 팔판동,,39,,,,팔판동,1111013900,1111013900
1111014000,서울특별시 종로구 삼청동,,40,,,,삼청동,1111014000,1111014000
1111014100,서울특별시 종로구 안국동,,41,,,,안국동,1111014100,1111014100
1111014200,서울특별시 종로구 소격동,,42,,,,소격동,1111014200,1111014200
1111014300,서울특별시 종로구 화동,,43,,,,화동,1111014300,1111014300
1111014400,서울특별시 종로구 사간동,,44,,,,사간동,1111014400,1111014400
1111014500,서울특별시 종로구 송현동,,45,,,,송현동,1111014500,1111014500
1111014600,서울특별시 종로구 가회동,,46,,,,가회동,1111014600,1111014600
1111014700,서울특별시 종로구 재동,,47,,,,재동,1111014700,1111014700
1111014800,서울특별시 종로구 계동,,48,,,,계동,1111014800,1111014800
1111014900,서울특별시 종로구 원서동,,49,,,,원서동,1111014900,1111014900
1111015000,서울특별시 종로구 훈정동,,50,,,,훈정동,1111015000,1111015000
1111015100,서울특별시 종로구 묘동,,51,,,,묘동,1111015100,1111015100
1111015200,서울특별시 종로구 봉익동,,52,,,,봉익동,1111015200,1111015200
1111015300,서울특별시 종로구 돈의동,,53,,,,돈의동,1111015300,1111015300
1111015400,서울특별시 종로구 장사동,,54,,,,장사동,1111015400,1111015400
1111015500,서울특별시 종로구 관수동,,55,,,,관수동,1111015500,1111015500
1111015600,서울특별시 종로구 종로3가,,56,,,,종로3가,1111015600,1111015600
1111015700,서울특별시 종로구 인의동,,57,,,,인의동,1111015700,1111015700
1111015800,서울특별시 종로구 예지동,,58,,,,예지동,1111015800,1111015800
1111015900,서울특별시 종로구 원남동,,59,,,,원남동,1111015900,1111015900
1111016000,서울특별시 종로구 연지동,,60,,,,연지동,1111016000,1111016000
1111016100,서울특별시 종로구 종로4가,,61,,,,종로4가,1111016100,1111016100
1111016200,서울특별시 종로구 효제동,,62,,,,효제동,1111016200,1111016200
1111016300,서울특별시 종로구 종로5가,,63,,,,종로5가,1111016300,1111016300
1111016400,서울특별시 종로구 종로6가,,64,,,,종로6가,1111016400,1111016400
1111016500,서울특별시 종로구 이화동,,65,,,,이화동,1111016500,1111016500
1111016600,서울특별시 종로구 연건동,,66,,,,연건동,1111016600,1111016600
1111016700,서울특별시 종로구 충신동,,67,,,,충신동,1111016700,1111016700
1111016800,서울특별시 종로구 동숭동,,68,,,,동숭동,1111016800,1111016800
1111016900,서울특별시 종로구 혜화동,,69,,,,혜화동,1111016900,1111016900
1111017000,서울특별시 종로구 명륜1가,,70,,,,명륜1가,1111017000,1111017000
1111017100,서울특별시 종로구 명륜2가,,71,,,,명륜2가,1111017100,1111017100
1111017200,서울특별시 종로구 명륜4가,,72,,,,명륜4가,1111017200,1111017200
1111017300,서울특별시 종로구 명륜3가,,73,,,,명륜3가,1111017300,1111017300
1111017400,서울특별시 종로구 창신동,,74,,,,창신동,1111017400,1111017400
1111017500,서울특별시 종로구 숭인동,,75,,,,숭인동,1111017500,1111017500
1111017600,서울특별시 종로구 교남동,,76,,,,교남동,1111017600,1111017600
1111017700,서울특별시 종로구 평동,,77,,,,평동,1111017700,1111017700
1111017800,서울특별시 종로구 송월동,,78,,,,송월동,1111017800,1111017800
1111017900,서울특별시 종로구 홍파동,,79,,,,홍파동,1111017900,1111017900
1111018000,서울특별시 종로구 교북동,,80,,,,교북동,1111018000,1111018000
1111018100,서울특별시 종로구 행촌동,,81,,,,행촌동,1111018100,1111018100
1111018200,서울특별시 종로구 구기동,,82,,,,구기동,1111018200,1111018200
1111018300,서울특별시 종로구 평창동,,83,,,,평창동,1111018300,1111018300
1111018400,서울특별시 종로구 부암동,,84,,,,부암동,1111018400,1111018400
1111018500,서울특별시 종로구 홍지동,,85,,,,홍지동,1111018500,1111018500
1111018600,서울특별시 종로구 신영동,,86,,,,신영동,1111018600,1111018600
1111018700,서울특별시 종로구 무악동,,87,,,,무악동,1111018700,1111018700
1114000000,서울특별시 중구,,02,,,,중구,1114000000,1114000000
1114010100,서울특별시 중구 무교동,,01,,,,무교동,1114010100,1114010100
1114010200,서울특별시 중구 다동,,02,,,,다동,1114010200,1114010200
1114010300,서울특별시 중구 태평로1가,,03,,,,태평로1가,1114010300,1114010300
1114010400,서울특별시 중구 을지로1가,,04,,,,을지로1가,1114010400,1114010400
1114010500,서울특별시 중구 을지로2가,,05,,,,을지로2가,1114010500,1114010500
1114010600,서울특별시 중구 남대문로1가,,06,,,,남대문로1가,1114010600,1114010600
1114010700,서울특별시 중구 삼각동,,07,,,,삼각동,1114010700,1114010700
1114010800,서울특별시 중구 수하동,,08,,,,수하동,1114010800,1114010800
1114010900,서울특별시 중구 장교동,,09,,,,장교동,1114010900,1114010900
1114011000,서울특별시 중구 수표동,,10,,,,수표동,1114011000,1114011000
1114011100,서울특별시 중구 소공동,,11,,,,소공동,1114011100,1114011100
1114011200,서울특별시 중구 남창동,,12,,,,남창동,1114011200,1114011200
1114011300,서울특별시 중구 북창동,,13,,,,북창동,1114011300,1114011300
1114011400,서울특별시 중구 태평로2가,,14,,,,태평로2가,1114011400,1114011400
1114011500,서울특별시 중구 남대문로2가,,15,,,,남대문로2가,1114011500,1114011500
1114011600,서울특별시 중구 남대문로3가,,16,,,,남대문로3가,1114011600,1114011600
1114011700,서울특별시 중구 남대문로4가,,17,,,,남대문로4가,1114011700,1114011700
1114011800,서울특별시 중구 남대문로5가,,18,,,,남대문로5가,1114011800,1114011800
1114011900,서울특별시 중구 봉래동1가,,19,,,,봉래동1가,1114011900,1114011900
1114012000,서울특별시 중구 봉래동2가,,20,,,,봉래동2가,1114012000,1114012000
1114012100,서울특별시 중구 회현동1가,,21,,,,회현동1가,1114012100,1114012100
1114012200,서울특별시 중구 회현동2가,,22,,,,회현동2가,1114012200,1114012200
1114012300,서울특별시 중구 회현동3가,,23,,,,회현동3가,1114012300,1114012300
1114012400,서울특별시 중구 충무로1가,,24,,,,충무로1가,1114012400,1114012400
1114012500,서울특별시 중구 충무로2가,,25,,,,충무로2가,1114012500,1114012500
1114012600,서울특별시 중구 명동1가,,26,,,,명동1가,1114012600,1114012600
1114012700,서울특별시 중구 명동2가,,27,,,,명동2가,1114012700,1114012700
1114012800,서울특별시 중구 남산동1가,,28,,,,남산동1가,1114012800,1114012800
1114012900,서울특별시 중구 남산동2가,,29,,,,남산동2가,1114012900,1114012900
1114013000,서울특별시 중구 남산동3가,,30,,,,남산동3가,1114013000,1114013000
1114013100,서울특별시 중구 저동1가,,31,,,,저동1가,1114013100,1114013100
1114013200,서울특별시 중구 충무로4가,,32,,,,충무로4가,1114013200,1114013200
1114013300,서울특별시 중구 충무로5가,,33,,,,충무로5가,1114013300,1114013300
1114013400,서울특별시 중구 인현동2가,,34,,,,인현동2가,1114013400,1114013400
1114013500,서울특별시 중구 예관동,,35,,,,예관동,1114013500,1114013500
1114013600,서울특별시 중구 묵정동,,36,,,,묵정동,1114013600,1114013600
1114013700,서울특별시 중구 필동1가,,37,,,,필동1가,1114013700,1114013700
1114013800,서울특별시 중구 필동2가,,38,,,,필동2가,1114013800,1114013800
1114013900,서울특별시 중구 필동3가,,39,,,,필동3가,1114013900,1114013900
1114014000,서울특별시 중구 남학동,,40,,,,남학동,1114014000,1114014000
1114014100,서울특별시 중구 주자동,,41,,,,주자동,1114014100,1114014100
1114014200,서울특별시 중구 예장동,,42,,,,예장동,1114014200,1114014200
1114014300,서울특별시 중구 장충동1가,,43,,,,장충동1가,1114014300,1114014300
1114014400,서울특별시 중구 장충동2가,,44,,,,장충동2가,1114014400,1114014400
1114014500,서울특별시 중구 광희동1가,,45,,,,광희동1가,1114014500,1114014500
1114014600,서울특별시 중구 광희동2가,,46,,,,광희동2가,1114014600,1114014600
1114014700,서울특별시 중구 쌍림동,,47,,,,쌍림동,1114014700,1114014700
1114014800,서울특별시 중구 을지로6가,,48,,,,을지로6가,1114014800,1114014800
1114014900,서울특별시 중구 을지로7가,,49,,,,을지로7가,1114014900,1114014900
1114015000,서울특별시 중구 을지로4가,,50,,,,을지로4가,1114015000,1114015000
1114015100,서울특별시 중구 을지로5가,,51,,,,을지로5가,1114015100,1114015100
1114015200,서울특별시 중구 주교동,,52,,,,주교동,1114015200,1114015200
1114015300,서울특별시 중구 방산동,,53,,,,방산동,1114015300,1114015300
1114015400,서울특별시 중구 오장동,,54,,,,오장동,1114015400,1114015400
1114015500,서울특별시 중구 을지로3가,,55,,,,을지로3가,1114015500,1114015500
1114015600,서울특별시 중구 입정동,,56,,,,입정동,1114015600,1114015600
1114015700,서울특별시 중구 산림동,,57,,,,산림동,1114015700,1114015700
1114015800,서울특별시 중구 충무로3가,,58,,,,충무로3가,1114015800,1114015800
1114015900,서울특별시 중구 초동,,59,,,,초동,1114015900,1114015900
1114016000,서울특별시 중구 인현동1가,,60,,,,인현동1가,1114016000,1114016000
1114016100,서울특별시 중구 저동2가,,61,,,,저동2가,1114016100,1114016100
1114016200,서울특별시 중구 신당동,,62,,,,신당동,1114016200,1114016200
1114016300,서울특별시 중구 흥인동,,63,,,,흥인동,1114016300,1114016300
1114016400,서울특별시 중구 무학동,,64,,,,무학동,1114016400,1114016400
1114016500,서울특별시 중구 황학동,,65,,,,황학동,1114016500,1114016500
1114016600,서울특별시 중구 서소문동,,66,,,,서소문동,1114016600,1114016600
1114016700,서울특별시 중구 정동,,67,,,,정동,1114016700,1114016700
1114016800,서울특별시 중구 순화동,,68,,,,순화동,1114016800,1114016800
1114016900,서울특별시 중구 의주로1가,,69,,,,의주로1가,1114016900,1114016900
1114017000,서울특별시 중구 충정로1가,,70,,,,충정로1가,1114017000,1114017000
1114017100,서울특별시 중구 중림동,,71,,,,중림동,1114017100,1114017100
1114017200,서울특별시 중구 의주로2가,,72,,,,의주로2가,1114017200,1114017200
1114017300,서울특별시 중구 만리동1가,,73,,,,만리동1가,1114017300,1114017300
1114017400,서울특별시 중구 만리동2가,,74,,,,만리동2가,1114017400,1114017400
1117000000,서울특별시 용산구,,03,,,,용산구,1117000000,1117000000
1117010100,서울특별시 용산구 후암동,,01,,,,후암동,1117010100,1117010100
1117010200,서울특별시 용산구 용산동2가,,02,,,,용산동2가,1117010200,1117010200
1117010300,서울특별시 용산구 용산동4가,,03,,,,용산동4가,1117010300,1117010300
1117010400,서울특별시 용산구 갈월동,,04,,,,갈월동,1117010400,1117010400
1117010500,서울특별시 용산구 남영동,,05,,,,남영동,1117010500,1117010500
1117010600,서울특별시 용산구 용산동1가,,06,,,,용산동1가,1117010600,1117010600
1117010700,서울특별시 용산구 동자동,,07,,,,동자동,1117010700,1117010700
1117010800,서울특별시 용산구 서계동,,08,,,,서계동,1117010800,1117010800
1117010900,서울특별시 용산구 청파동1가,,09,,,,청파동1가,1117010900,1117010900
1117011000,서울특별시 용산구 청파동2가,,10,,,,청파동2가,1117011000,1117011000
1117011100,서울특별시 용산구 청파동3가,,11,,,,청파동3가,1117011100,1117011100
1117011200,서울특별시 용산구 원효로1가,,12,,,,원효로1가,1117011200,1117011200
1117011300,서울특별시 용산구 원효로2가,,13,,,,원효로2가,1117011300,1117011300
1117011400,서울특별시 용산구 신창동,,14,,,,신창동,1117011400,1117011400
1117011500,서울특별시 용산구 산천동,,15,,,,산천동,1117011500,1117011500
1117011600,서울특별시 용산구 청암동,,16,,,,청암동,1117011600,1117011600
1117011700,서울특별시 용산구 원효로3가,,17,,,,원효로3가,1117011700,1117011700
1117011800,서울특별시 용산구 원효로4가,,18,,,,원효로4가,1117011800,1117011800
1117011900,서울특별시 용산구 효창동,,19,,,,효창동,1117011900,1117011900
1117012000,서울특별시 용산구 도원동,,20,,,,도원동,1117012000,1117012000
1117012100,서울특별시 용산구 용문동,,21,,,,용문동,1117012100,1117012100
1117012200,서울특별시 용산구 문배동,,22,,,,문배동,1117012200,1117012200
1117012300,서울특별시 용산구 신계동,,23,,,,신계동,1117012300,1117012300
1117012400,서울특별시 용산구 한강로1가,,24,,,,한강로1가,1117012400,1117012400
1117012500,서울특별시 용산구 한강로2가,,25,,,,한강로2가,1117012500,1117012500
1117012600,서울특별시 용산구 용산동3가,,26,,,,용산동3가,1117012600,1117012600
1117012700,서울특별시 용산구 용산동5가,,27,,,,용산동5가,1117012700,1117012700
1117012800,서울특별시 용산구 한강로3가,,28,,,,한강로3가,1117012800,1117012800
1117012900,서울특별시 용산구 이촌동,,29,,,,이촌동,1117012900,1117012900
1117013000,서울특별시 용산구 이태원동,,30,,,,이태원동,1117013000,1117013000
1117013100,서울특별시 용산구 한남동,,31,,,,한남동,1117013100,1117013100
1117013200,서울특별시 용산구 동빙고동,,32,,,,동빙고동,1117013200,1117013200
1117013300,서울특별시 용산구 서빙고동,,33,,,,서빙고동,1117013300,1117013300
1117013400,서울특별시 용산구 주성동,,34,,,,주성동,1117013400,1117013400
1117013500,서울특별시 용산구 용산동6가,,35,,,,용산동6가,1117013500,1117013500
1117013600,서울특별시 용산구 보광동,,36,,,,보광동,1117013600,1117013600
1120000000,서울특별시 성동구,,04,,,,성동구,1120000000,1120000000
1120010100,서울특별시 성동구 상왕십리동,,01,,,,상왕십리동,1120010100,1120010100
1120010200,서울특별시 성동구 하왕십리동,,02,,,,하왕십리동,1120010200,1120010200
1120010300,서울특별시 성동구 홍익동,,03,,,,홍익동,1120010300,1120010300
1120010400,서울특별시 성동구 도선동,,04,,,,도선동,1120010400,1120010400
1120010500,서울특별시 성동구 마장동,,05,,,,마장동,1120010500,1120010500
1120010600,서울특별시 성동구 사근동,,06,,,,사근동,1120010600,1120010600
1120010700,서울특별시 성동구 행당동,,07,,,,행당동,1120010700,1120010700
1120010800,서울특별시 성동구 응봉동,,08,,,,응봉동,1120010800,1120010800
1120010900,서울특별시 성동구 금호동1가,,09,,,,금호동1가,1120010900,1120010900
1120011000,서울특별시 성동구 금호동2가,,10,,,,금호동2가,1120011000,1120011000
1120011100,서울특별시 성동구 금호동3가,,11,,,,금호동3가,1120011100,1120011100
1120011200,서울특별시 성동구 금호동4가,,12,,,,금호동4가,1120011200,1120011200
1120011300,서울특별시 성동구 옥수동,,13,,,,옥수동,1120011300,1120011300
1120011400,서울특별시 성동구 성수동1가,,14,,,,성수동1가,1120011400,1120011400
1120011500,서울특별시 성동구 성수동2가,,15,,,,성수동2가,1120011500,1120011500
1120011800,서울특별시 성동구 송정동,,16,,,,송정동,1120011800,1120011800
1120012200,서울특별시 성동구 용답동,,17,,,,용답동,1120012200,1120012200
1121500000,서울특별시 광진구,,05,,,,광진구,1121500000,1121500000
1121510100,서울특별시 광진구 중곡동,,01,,,,중곡동,1121510100,1121510100
1121510200,서울특별시 광진구 능동,,02,,,,능동,1121510200,1121510200
1121510300,서울특별시 광진구 구의동,,03,,,,구의동,1121510300,1121510300
1121510400,서울특별시 광진구 광장동,,04,,,,광장동,1121510400,1121510400
1121510500,서울특별시 광진구 자양동,,05,,,,자양동,1121510500,1121510500
1121510700,서울특별시 광진구 화양동,,07,,,,화양동,1121510700,1121510700
1121510900,서울특별시 광진구 군자동,,09,,,,군자동,1121510900,1121510900
1123000000,서울특별시 동대문구,,06,,,,동대문구,1123000000,1123000000
1123010100,서울특별시 동대문구 신설동,,01,,,,신설동,1123010100,1123010100
1123010200,서울특별시 동대문구 용두동,,02,,,,용두동,1123010200,1123010200
1123010300,서울특별시 동대문구 제기동,,03,,,,제기동,1123010300,1123010300
1123010400,서울특별시 동대문구 전농동,,04,,,,전농동,1123010400,1123010400
1123010500,서울특별시 동대문구 답십리동,,05,,,,답십리동,1123010500,1123010500
1123010600,서울특별시 동대문구 장안동,,06,,,,장안동,1123010600,1123010600
1123010700,서울특별시 동대문구 청량리동,,07,,,,청량리동,1123010700,1123010700
1123010800,서울특별시 동대문구 회기동,,08,,,,회기동,1123010800,1123010800
1123010900,서울특별시 동대문구 휘경동,,09,,,,휘경동,1123010900,1123010900
1123011000,서울특별시 동대문구 이문동,,10,,,,이문동,1123011000,1123011000
1126000000,서울특별시 중랑구,,07,,,,중랑구,1126000000,1126000000
1126010100,서울특별시 중랑구 면목동,,01,,,,면목동,1126010100,1126010100
1126010200,서울특별시 중랑구 상봉동,,02,,,,상봉동,1126010200,1126010200
1126010300,서울특별시 중랑구 중화동,,03,,,,중화동,1126010300,1126010300
1126010400,서울특별시 중랑구 묵동,,04,,,,묵동,1126010400,1126010400
1126010500,서울특별시 중랑구 망우동,,05,,,,망우동,1126010500,1126010500
1126010600,서울특별시 중랑구 신내동,,06,,,,신내동,1126010600,1126010600
1129000000,서울특별시 성북구,,08,,,,성북구,1129000000,1129000000
1129010100,서울특별시 성북구 성북동,,01,,,,성북동,1129010100,1129010100
1129010200,서울특별시 성북구 성북동1가,,02,,,,성북동1가,1129010200,1129010200
1129010300,서울특별시 성북구 돈암동,,03,,,,돈암동,1129010300,1129010300
1129010400,서울특별시 성북구 동소문동1가,,04,,,,동소문동1가,1129010400,1129010400
1129010500,서울특별시 성북구 동소문동2가,,05,,,,동소문동2가,1129010500,1129010500
1129010600,서울특별시 성북구 동소문동3가,,06,,,,동소문동3가,1129010600,1129010600
1129010700,서울특별시 성북구 동소문동4가,,07,,,,동소문동4가,1129010700,1129010700
1129010800,서울특별시 성북구 동소문동5가,,08,,,,동소문동5가,1129010800,1129010800
1129010900,서울특별시 성북구 동소문동6가,,09,,,,동소문동6가,1129010900,1129010900
1129011000,서울특별시 성북구 동소문동7가,,10,,,,동소문동7가,1129011000,1129011000
1129011100,서울특별시 성북구 삼선동1가,,11,,,,삼선동1가,1129011100,1129011100
1129011200,서울특별시 성북구 삼선동2가,,12,,,,삼선동2가,1129011200,1129011200
1129011300,서울특별시 성북구 삼선동3가,,13,,,,삼선동3가,1129011300,1129011300
1129011400,서울특별시 성북구 삼선동4가,,14,,,,삼선동4가,1129011400,1129011400
1129011500,서울특별시 성북구 삼선동5가,,15,,,,삼선동5가,1129011500,1129011500
1129011600,서울특별시 성북구 동선동1가,,16,,,,동선동1가,1129011600,1129011600
1129011700,서울특별시 성북구 동선동2가,,17,,,,동선동2가,1129011700,1129011700
1129011800,서울특별시 성북구 동선동3가,,18,,,,동선동3가,1129011800,1129011800
1129011900,서울특별시 성북구 동선동4가,,19,,,,동선동4가,1129011900,1129011900
1129012000,서울특별시 성북구 동선동5가,,20,,,,동선동5가,1129012000,1129012000
1129012100,서울특별시 성북구 안암동1가,,21,,,,안암동1가,1129012100,1129012100
1129012200,서울특별시 성북구 안암동2가,,22,,,,안암동2가,1129012200,1129012200
1129012300,서울특별시 성북구 안암동3가,,23,,,,안암동3가,1129012300,1129012300
1129012400,서울특별시 성북구 안암동4가,,24,,,,안암동4가,1129012400,1129012400
1129012500,서울특별시 성북구 안암동5가,,25,,,,안암동5가,1129012500,1129012500
1129012600,서울특별시 성북구 보문동4가,,26,,,,보문동4가,1129012600,1129012600
1129012700,서울특별시 성북구 보문동5가,,27,,,,보문동5가,1129012700,1129012700
1129012800,서울특별시 성북구 보문동6가,,28,,,,보문동6가,1129012800,1129012800
1129012900,서울특별시 성북구 보문동7가,,29,,,,보문동7가,1129012900,1129012900
1129013000,서울특별시 성북구 보문동1가,,30,,,,보문동1가,1129013000,1129013000
1129013100,서울특별시 성북구 보문동2가,,31,,,,보문동2가,1129013100,1129013100
1129013200,서울특별시 성북구 보문동3가,,32,,,,보문동3가,1129013200,1129013200
1129013300,서울특별시 성북구 정릉동,,33,,,,정릉동,1129013300,1129013300
1129013400,서울특별시 성북구 길음동,,34,,,,길음동,1129013400,1129013400
1129013500,서울특별시 성북구 종암동,,35,,,,종암동,1129013500,1129013500
1129013600,서울특별시 성북구 하월곡동,,36,,,,하월곡동,1129013600,1129013600
1129013700,서울특별시 성북구 상월곡동,,37,,,,상월곡동,1129013700,1129013700
1129013800,서울특별시 성북구 장위동,,38,,,,장위동,1129013800,1129013800
1129013900,서울특별시 성북구 석관동,,39,,,,석관동,1129013900,1129013900
1130500000,서울특별시 강북구,,09,,,,강북구,1130500000,1130500000
1130510100,서울특별시 강북구 미아동,,01,,,,미아동,1130510100,1130510100
1130510200,서울특별시 강북구 번동,,02,,,,번동,1130510200,1130510200
1130510300,서울특별시 강북구 수유동,,03,,,,수유동,1130510300,1130510300
1130510400,서울특별시 강북구 우이동,,04,,,,우이동,1130510400,1130510400
1132000000,서울특별시 도봉구,,10,,,,도봉구,1132000000,1132000000
1132010500,서울특별시 도봉구 쌍문동,,01,,,,쌍문동,1132010500,1132010500
1132010600,서울특별시 도봉구 방학동,,02,,,,방학동,1132010600,1132010600
1132010700,서울특별시 도봉구 창동,,03,,,,창동,1132010700,1132010700
1132010800,서울특별시 도봉구 도봉동,,04,,,,도봉동,1132010800,1132010800
1135000000,서울특별시 노원구,,11,,,,노원구,1135000000,1135000000
1135010200,서울특별시 노원구 월계동,,01,,,,월계동,1135010200,1135010200
1135010300,서울특별시 노원구 공릉동,,02,,,,공릉동,1135010300,1135010300
1135010400,서울특별시 노원구 하계동,,03,,,,하계동,1135010400,1135010400
1135010500,서울특별시 노원구 상계동,,04,,,,상계동,1135010500,1135010500
1135010600,서울특별시 노원구 중계동,,05,,,,중계동,1135010600,1135010600
1138000000,서울특별시 은평구,,12,,,,은평구,1138000000,1138000000
1138010100,서울특별시 은평구 수색동,,01,,,,수색동,1138010100,1138010100
1138010200,서울특별시 은평구 녹번동,,02,,,,녹번동,1138010200,1138010200
1138010300,서울특별시 은평구 불광동,,03,,,,불광동,1138010300,1138010300
1138010400,서울특별시 은평구 갈현동,,04,,,,갈현동,1138010400,1138010400
1138010500,서울특별시 은평구 구산동,,05,,,,구산동,1138010500,1138010500
1138010600,서울특별시 은평구 대조동,,06,,,,대조동,1138010600,1138010600
1138010700,서울특별시 은평구 응암동,,07,,,,응암동,1138010700,1138010700
1138010800,서울특별시 은평구 역촌동,,08,,,,역촌동,1138010800,1138010800
1138010900,서울특별시 은평구 신사동,,09,,,,신사동,1138010900,1138010900
1138011000,서울특별시 은평구 증산동,,10,,,,증산동,1138011000,1138011000
1138011400,서울특별시 은평구 진관동,,01,20070813,,,진관동,1138011400,1138011400
1141000000,서울특별시 서대문구,,13,,,,서대문구,1141000000,1141000000
1141010100,서울특별시 서대문구 충정로2가,,01,,,,충정로2가,1141010100,1141010100
1141010200,서울특별시 서대문구 충정로3가,,02,,,,충정로3가,1141010200,1141010200
1141010300,서울특별시 서대문구 합동,,03,,,,합동,1141010300,1141010300
1141010400,서울특별시 서대문구 미근동,,04,,,,미근동,1141010400,1141010400
1141010500,서울특별시 서대문구 냉천동,,05,,,,냉천동,1141010500,1141010500
1141010600,서울특별시 서대문구 천연동,,06,,,,천연동,1141010600,1141010600
1141010700,서울특별시 서대문구 옥천동,,07,,,,옥천동,1141010700,1141010700
1141010800,서울특별시 서대문구 영천동,,08,,,,영천동,1141010800,1141010800
1141010900,서울특별시 서대문구 현저동,,09,,,,현저동,1141010900,1141010900
1141011000,서울특별시 서대문구 북아현동,,10,,,,북아현동,1141011000,1141011000
1141011100,서울특별시 서대문구 홍제동,,11,,,,홍제동,1141011100,1141011100
1141011200,서울특별시 서대문구 대현동,,12,,,,대현동,1141011200,1141011200
1141011300,서울특별시 서대문구 대신동,,13,,,,대신동,1141011300,1141011300
1141011400,서울특별시 서대문구 신촌동,,14,,,,신촌동,1141011400,1141011400
1141011500,서울특별시 서대문구 봉원동,,15,,,,봉원동,1141011500,1141011500
1141011600,서울특별시 서대문구 창천동,,16,,,,창천동,1141011600,1141011600
1141011700,서울특별시 서대문구 연희동,,17,,,,연희동,1141011700,1141011700
1141011800,서울특별시 서대문구 홍은동,,18,,,,홍은동,1141011800,1141011800
1141011900,서울특별시 서대문구 북가좌동,,19,,,,북가좌동,1141011900,1141011900
1141012000,서울특별시 서대문구 남가좌동,,20,,,,남가좌동,1141012000,1141012000
1144000000,서울특별시 마포구,,14,,,,마포구,1144000000,1144000000
1144010100,서울특별시 마포구 아현동,,01,,,,아현동,1144010100,1144010100
1144010200,서울특별시 마포구 공덕동,,02,,,,공덕동,1144010200,1144010200
1144010300,서울특별시 마포구 신공덕동,,03,,,,신공덕동,1144010300,1144010300
1144010400,서울특별시 마포구 도화동,,04,,,,도화동,1144010400,1144010400
1144010500,서울특별시 마포구 용강동,,05,,,,용강동,1144010500,1144010500
1144010600,서울특별시 마포구 토정동,,06,,,,토정동,1144010600,1144010600
1144010700,서울특별시 마포구 마포동,,07,,,,마포동,1144010700,1144010700
1144010800,서울특별시 마포구 대흥동,,08,,,,대흥동,1144010800,1144010800
1144010900,서울특별시 마포구 염리동,,09,,,,염리동,1144010900,1144010900
1144011000,서울특별시 마포구 노고산동,,10,,,,노고산동,1144011000,1144011000
1144011100,서울특별시 마포구 신수동,,11,,,,신수동,1144011100,1144011100
1144011200,서울특별시 마포구 현석동,,12,,,,현석동,1144011200,1144011200
1144011300,서울특별시 마포구 구수동,,13,,,,구수동,1144011300,1144011300
1144011400,서울특별시 마포구 창전동,,14,,,,창전동,1144011400,1144011400
1144011500,서울특별시 마포구 상수동,,15,,,,상수동,1144011500,1144011500
1144011600,서울특별시 마포구 하중동,,16,,,,하중동,1144011600,1144011600
1144011700,서울특별시 마포구 신정동,1144000000,17,20050325,,,신정동,1144011700,1144011700
1144011800,서울특별시 마포구 당인동,,18,,,,당인동,1144011800,1144011800
1144012000,서울특별시 마포구 서교동,,19,,,,서교동,1144012000,1144012000
1144012100,서울특별시 마포구 동교동,,20,,,,동교동,1144012100,1144012100
1144012200,서울특별시 마포구 합정동,,21,,,,합정동,1144012200,1144012200
1144012300,서울특별시 마포구 망원동,,22,,,,망원동,1144012300,1144012300
1144012400,서울특별시 마포구 연남동,,23,,,,연남동,1144012400,1144012400
1144012500,서울특별시 마포구 성산동,,24,,,,성산동,1144012500,1144012500
1144012600,서울특별시 마포구 중동,,25,,,,중동,1144012600,1144012600
1144012700,서울특별시 마포구 상암동,,26,,,,상암동,1144012700,1144012700
1147000000,서울특별시 양천구,,15,,,,양천구,1147000000,1147000000
1147010100,서울특별시 양천구 신정동,,01,,,,신정동,1147010100,1147010100
1147010200,서울특별시 양천구 목동,,02,,,,목동,1147010200,1147010200
1147010300,서울특별시 양천구 신월동,,03,,,,신월동,1147010300,1147010300
1150000000,서울특별시 강서구,,16,,,,강서구,1150000000,1150000000
1150010100,서울특별시 강서구 염창동,,01,,,,염창동,1150010100,1150010100
1150010200,서울특별시 강서구 등촌동,,02,,,,등촌동,1150010200,1150010200
1150010300,서울특별시 강서구 화곡동,,03,,,,화곡동,1150010300,1150010300
1150010400,서울특별시 강서구 가양동,,04,,,,가양동,1150010400,1150010400
1150010500,서울특별시 강서구 마곡동,,05,,,,마곡동,1150010500,1150010500
1150010600,서울특별시 강서구 내발산동,,06,,,,내발산동,1150010600,1150010600
1150010700,서울특별시 강서구 외발산동,,07,,,,외발산동,1150010700,1150010700
1150010800,서울특별시 강서구 공항동,,08,,,,공항동,1150010800,1150010800
1150010900,서울특별시 강서구 방화동,,09,,,,방화동,1150010900,1150010900
1150011000,서울특별시 강서구 개화동,,10,,,,개화동,1150011000,1150011000
1150011100,서울특별시 강서구 과해동,,11,,,,과해동,1150011100,1150011100
1150011200,서울특별시 강서구 오곡동,,12,,,,오곡동,1150011200,1150011200
1150011300,서울특별시 강서구 오쇠동,,13,,,,오쇠동,1150011300,1150011300
1153000000,서울특별시 구로구,,17,,,,구로구,1153000000,1153000000
1153010100,서울특별시 구로구 신도림동,,01,,,,신도림동,1153010100,1153010100
1153010200,서울특별시 구로구 구로동,,02,,,,구로동,1153010200,1153010200
1153010300,서울특별시 구로구 가리봉동,,03,,,,가리봉동,1153010300,1153010300
1153010600,서울특별시 구로구 고척동,,04,,,,고척동,1153010600,1153010600
1153010700,서울특별시 구로구 개봉동,,05,,,,개봉동,1153010700,1153010700
1153010800,서울특별시 구로구 오류동,,06,,,,오류동,1153010800,1153010800
1153010900,서울특별시 구로구 궁동,,07,,,,궁동,1153010900,1153010900
1153011000,서울특별시 구로구 온수동,,08,,,,온수동,1153011000,1153011000
1153011100,서울특별시 구로구 천왕동,,09,,,,천왕동,1153011100,1153011100
1153011200,서울특별시 구로구 항동,,10,,,,항동,1153011200,1153011200
1154500000,서울특별시 금천구,,18,,,,금천구,1154500000,1154500000
1154510100,서울특별시 금천구 가산동,1154500000,01,20000101,,,가산동,1154510100,1154510100
1154510200,서울특별시 금천구 독산동,1154500000,02,20000101,,,독산동,1154510200,1154510200
1154510300,서울특별시 금천구 시흥동,,03,,,,시흥동,1154510300,1154510300
1156000000,서울특별시 영등포구,,19,,,,영등포구,1156000000,1156000000
1156010100,서울특별시 영등포구 영등포동,,01,,,,영등포동,1156010100,1156010100
1156010200,서울특별시 영등포구 영등포동1가,,02,,,,영등포동1가,1156010200,1156010200
1156010300,서울특별시 영등포구 영등포동2가,,03,,,,영등포동2가,1156010300,1156010300
1156010400,서울특별시 영등포구 영등포동3가,,04,,,,영등포동3가,1156010400,1156010400
1156010500,서울특별시 영등포구 영등포동4가,,05,,,,영등포동4가,1156010500,1156010500
1156010600,서울특별시 영등포구 영등포동5가,,06,,,,영등포동5가,1156010600,1156010600
1156010700,서울특별시 영등포구 영등포동6가,,07,,,,영등포동6가,1156010700,1156010700
1156010800,서울특별시 영등포구 영등포동7가,,08,,,,영등포동7가,1156010800,1156010800
1156010900,서울특별시 영등포구 영등포동8가,,09,,,,영등포동8가,1156010900,1156010900
1156011000,서울특별시 영등포구 여의도동,,10,,,,여의도동,1156011000,1156011000
1156011100,서울특별시 영등포구 당산동1가,,11,,,,당산동1가,1156011100,1156011100
1156011200,서울특별시 영등포구 당산동2가,,12,,,,당산동2가,1156011200,1156011200
1156011300,서울특별시 영등포구 당산동3가,,13,,,,당산동3가,1156011300,1156011300
1156011400,서울특별시 영등포구 당산동4가,,14,,,,당산동4가,1156011400,1156011400
1156011500,서울특별시 영등포구 당산동5가,,15,,,,당산동5가,1156011500,1156011500
1156011600,서울특별시 영등포구 당산동6가,,16,,,,당산동6가,1156011600,1156011600
1156011700,서울특별시 영등포구 당산동,,17,,,,당산동,1156011700,1156011700
1156011800,서울특별시 영등포구 도림동,,18,,,,도림동,1156011800,1156011800
1156011900,서울특별시 영등포구 문래동1가,,19,,,,문래동1가,1156011900,1156011900
1156012000,서울특별시 영등포구 문래동2가,,20,,,,문래동2가,1156012000,1156012000
1156012100,서울특별시 영등포구 문래동3가,,21,,,,문래동3가,1156012100,1156012100
1156012200,서울특별시 영등포구 문래동4가,,22,,,,문래동4가,1156012200,1156012200
1156012300,서울특별시 영등포구 문래동5가,,23,,,,문래동5가,1156012300,1156012300
1156012400,서울특별시 영등포구 문래동6가,,24,,,,문래동6가,1156012400,1156012400
1156012500,서울특별시 영등포구 양평동1가,,25,,,,양평동1가,1156012500,1156012500
1156012600,서울특별시 영등포구 양평동2가,,26,,,,양평동2가,1156012600,1156012600
1156012700,서울특별시 영등포구 양평동3가,,27,,,,양평동3가,1156012700,1156012700
1156012800,서울특별시 영등포구 양평동4가,,28,,,,양평동4가,1156012800,1156012800
1156012900,서울특별시 영등포구 양평동5가,,29,,,,양평동5가,1156012900,1156012900
1156013000,서울특별시 영등포구 양평동6가,,30,,,,양평동6가,1156013000,1156013000
1156013100,서울특별시 영등포구 양화동,,31,,,,양화동,1156013100,1156013100
1156013200,서울특별시 영등포구 신길동,,32,,,,신길동,1156013200,1156013200
1156013300,서울특별시 영등포구 대림동,,33,,,,대림동,1156013300,1156013300
1156013400,서울특별시 영등포구 양평동,,34,,,,양평동,1156013400,1156013400
1159000000,서울특별시 동작구,,20,,,,동작구,1159000000,1159000000
1159010100,서울특별시 동작구 노량진동,,01,,,,노량진동,1159010100,1159010100
1159010200,서울특별시 동작구 상도동,,02,,,,상도동,1159010200,1159010200
1159010300,서울특별시 동작구 상도1동,,03,,,,상도1동,1159010300,1159010300
1159010400,서울특별시 동작구 본동,,04,,,,본동,1159010400,1159010400
1159010500,서울특별시 동작구 흑석동,,05,,,,흑석동,1159010500,1159010500
1159010600,서울특별시 동작구 동작동,,06,,,,동작동,1159010600,1159010600
1159010700,서울특별시 동작구 사당동,,07,,,,사당동,1159010700,1159010700
1159010800,서울특별시 동작구 대방동,,08,,,,대방동,1159010800,1159010800
1159010900,서울특별시 동작구 신대방동,,09,,,,신대방동,1159010900,1159010900
1162000000,서울특별시 관악구,,21,,,,관악구,1162000000,1162000000
1162010100,서울특별시 관악구 봉천동,1162000000,01,20000101,,,봉천동,1162010100,1162010100
1162010200,서울특별시 관악구 신림동,,02,,,,신림동,1162010200,1162010200
1162010300,서울특별시 관악구 남현동,,03,,,,남현동,1162010300,1162010300
1165000000,서울특별시 서초구,,22,,,,서초구,1165000000,1165000000
1165010100,서울특별시 서초구 방배동,,01,,,,방배동,1165010100,1165010100
1165010200,서울특별시 서초구 양재동,,02,,,,양재동,1165010200,1165010200
1165010300,서울특별시 서초구 우면동,,03,,,,우면동,1165010300,1165010300
1165010400,서울특별시 서초구 원지동,,04,,,,원지동,1165010400,1165010400
1165010600,서울특별시 서초구 잠원동,,05,,,,잠원동,1165010600,1165010600
1165010700,서울특별시 서초구 반포동,,06,,,,반포동,1165010700,1165010700
1165010800,서울특별시 서초구 서초동,,07,,,,서초동,1165010800,1165010800
1165010900,서울특별시 서초구 내곡동,,08,,,,내곡동,1165010900,1165010900
1165011000,서울특별시 서초구 염곡동,,09,,,,염곡동,1165011000,1165011000
1165011100,서울특별시 서초구 신원동,,10,,,,신원동,1165011100,1165011100
1168000000,서울특별시 강남구,,23,,,,강남구,1168000000,1168000000
1168010100,서울특별시 강남구 역삼동,,01,,,,역삼동,1168010100,1168010100
1168010300,서울특별시 강남구 개포동,,03,,,,개포동,1168010300,1168010300
1168010400,서울특별시 강남구 청담동,,04,,,,청담동,1168010400,1168010400
1168010500,서울특별시 강남구 삼성동,,05,,,,삼성동,1168010500,1168010500
1168010600,서울특별시 강남구 대치동,,06,,,,대치동,1168010600,1168010600
1168010700,서울특별시 강남구 신사동,,07,,,,신사동,1168010700,1168010700
1168010800,서울특별시 강남구 논현동,,08,,,,논현동,1168010800,1168010800
1168011000,서울특별시 강남구 압구정동,,09,,,,압구정동,1168011000,1168011000
1168011100,서울특별시 강남구 세곡동,,10,,,,세곡동,1168011100,1168011100
1168011200,서울특별시 강남구 자곡동,,11,,,,자곡동,1168011200,1168011200
1168011300,서울특별시 강남구 율현동,,12,,,,율현동,1168011300,1168011300
1168011400,서울특별시 강남구 일원동,,13,,,,일원동,1168011400,1168011400
1168011500,서울특별시 강남구 수서동,,14,,,,수서동,1168011500,1168011500
1168011800,서울특별시 강남구 도곡동,,15,,,,도곡동,1168011800,1168011800
1171000000,서울특별시 송파구,,24,,,,송파구,1171000000,1171000000
1171010100,서울특별시 송파구 잠실동,,01,,,,잠실동,1171010100,1171010100
1171010200,서울특별시 송파구 신천동,,02,,,,신천동,1171010200,1171010200
1171010300,서울특별시 송파구 풍납동,,03,,,,풍납동,1171010300,1171010300
1171010400,서울특별시 송파구 송파동,,04,,,,송파동,1171010400,1171010400
1171010500,서울특별시 송파구 석촌동,,05,,,,석촌동,1171010500,1171010500
1171010600,서울특별시 송파구 삼전동,,06,,,,삼전동,1171010600,1171010600
1171010700,서울특별시 송파구 가락동,,07,,,,가락동,1171010700,1171010700
1171010800,서울특별시 송파구 문정동,,08,,,,문정동,1171010800,1171010800
1171010900,서울특별시 송파구 장지동,,09,,,,장지동,1171010900,1171010900
1171011100,서울특별시 송파구 방이동,,10,,,,방이동,1171011100,1171011100
1171011200,서울특별시 송파구 오금동,,11,,,,오금동,1171011200,1171011200
1171011300,서울특별시 송파구 거여동,,12,,,,거여동,1171011300,1171011300
1171011400,서울특별시 송파구 마천동,,13,,,,마천동,1171011400,1171011400
1174000000,서울특별시 강동구,,25,,,,강동구,1174000000,1174000000
1174010100,서울특별시 강동구 명일동,,02,,,,명일동,1174010100,1174010100
1174010200,서울특별시 강동구 고덕동,,03,,,,고덕동,1174010200,1174010200
1174010300,서울특별시 강동구 상일동,,04,,,,상일동,1174010300,1174010300
1174010500,서울특별시 강동구 길동,,06,,,,길동,1174010500,1174010500
1174010600,서울특별시 강동구 둔촌동,,07,,,,둔촌동,1174010600,1174010600
1174010700,서울특별시 강동구 암사동,,08,,,,암사동,1174010700,1174010700
1174010800,서울특별시 강동구 성내동,,09,,,,성내동,1174010800,1174010800
1174010900,서울특별시 강동구 천호동,,10,,,,천호동,1174010900,1174010900
1174011000,서울특별시 강동구 강일동,1174000000,01,20061229,,,강일동,1174011000,1174011000
